№;Категория;Наименование;Описание;PB;KKS;Ед. изм.;Кол-во НИЗ;Цена
1;Программные детали;Направляющая лопатка 1-й ступени турбины;Восстановленные, 3 версия, с ТЭЦ-21;–;–;шт.;46;
2;Программные детали;Рабочая лопатка 1-й ступени турбины, основная;Восстановленные, 3 версия, с ТЭЦ-21;–;–;шт.;88;
3;Программные детали;Рабочая лопатка 1-й ступени турбины, замковая;Восстановленные, 3 версия, с ТЭЦ-21;–;–;шт.;1;
4;Программные детали;Направляющая лопатка 2-й ступени турбины, основная;Восстановленные, 3 версия, с ТЭЦ-21;–;–;шт.;38;
5;Программные детали;Направляющая лопатка 2-й ступени турбины, замковая;Восстановленные, 3 версия, с ТЭЦ-21;–;–;шт.;10;
6;Программные детали;Рабочая лопатка 2-й ступени турбины, основная;Восстановленные, 3 версия, с ТЭЦ-21;–;–;шт.;88;
7;Программные детали;Рабочая лопатка 2-й ступени турбины, замковая;Восстановленные, 3 версия, с ТЭЦ-21;–;–;шт.;1;
8;Программные детали;Направляющая лопатка 3-й ступени турбины,верхняя половина,  основная;Восстановленные, 3 версия, с ГТ-41;–;–;шт.;20;
9;Программные детали;Направляющая лопатка 3-й ступени турбины,верхняя половина,  замковая;Восстановленные, 3 версия, с ГТ-41;–;–;шт.;5;
10;Программные детали;Направляющая лопатка 3-й ступени турбины,нижняя половина,  основная;Восстановленные, 3 версия, с ГТ-41;–;–;шт.;21;
11;Программные детали;Направляющая лопатка 3-й ступени турбины,нижняя половина,  замковая;Восстановленные, 3 версия, с ГТ-41;–;–;шт.;5;
12;Программные детали;Рабочая лопатка 3-й ступени турбины, основная;Восстановленные, 3 версия, с ГТ-41;–;–;шт.;62;
13;Программные детали;Рабочая лопатка 3-й ступени турбины, замковая;Восстановленные, 3 версия, с ГТ-41;–;–;шт.;1;
14;Программные детали;Направляющая лопатка 4-й ступени турбины,верхняя половина,  основная;Восстановленные, 3 версия, РОТЕК;–;–;шт.;23;
15;Программные детали;Направляющая лопатка 4-й ступени турбины,верхняя половина,  замковая;Восстановленные, 3 версия, РОТЕК;–;–;шт.;5;
16;Программные детали;Направляющая лопатка 4-й ступени турбины,нижняя половина,  основная;Восстановленные, 3 версия, РОТЕК;–;–;шт.;22;
17;Программные детали;Направляющая лопатка 4-й ступени турбины,нижняя половина,  замковая;Восстановленные, 3 версия, РОТЕК;–;–;шт.;5;
18;Программные детали;Рабочая лопатка 4-й ступени турбины;Восстановленные, 3 версия, с ГТ-41 ТЭЦ-27 (41 шт.);–;–;шт.;44;
19;Программные детали;Опорно-упорный подшипник компрессора;"В поставку включены:
- все необходимые детали
- все датчики КИП
- МЗК
- клеммная коробка, кабели КИП";–;–;компл.;1;300000
20;Программные детали;MAIN THRUST BEARING;KG 40 EACH (состоит из двух половин);;;шт.;1;0
21;Программные детали;REVERSE THRUST BEARING COMPRESSOR;KG 26 EACH (состоит из двух половин);;;шт.;1;0
22;Программные детали;Вставка горелки;Т00275;PB0000240649;MBM__HA005G005;шт.;16;1300
23;Программные детали;Плитка, ряды B, C, D, E, G, H, J, K, L;;PB0000248080;MBM47HA004G007;шт.;0;0
24;Программные детали;Плитка, ряды A1, A2;;PB0000248081;MBM47HA004G008;шт.;0;0
25;Программные детали;Плитка, ряд F;;PB0000248078;MBM47HA004G050;шт.;0;0
26;Программные детали;Центральный лист днища, сторона пламени;Т00110;PB0000025836;MBM__HA005G003;шт.;2;4850
27;Программные детали;Сегмент днища, сторона пламени;Т00109;PB0000025837;MBM__HA005G004;шт.;16;1950
28;Программные детали;Лопатка направляющая 7-й ступени компрессора ;"Для компрессора ""версии Т4"", без защитного покрытия";PB0000008787;MBA__HA016G009;шт.;8;426,01
29;Программные детали;Лопатка направляющая 8-й ступени компрессора ;"Для компрессора ""версии Т4"", без защитного покрытия";PB0000008788;MBA__HA017G009;шт.;8;389,49
30;Программные детали;Лопатка направляющая 9-й ступени компрессора ;"Для компрессора ""версии Т4"", без защитного покрытия";PB0000008789;MBA__HA018G009;шт.;8;340,81
31;Программные детали;Лопатка направляющая 10-й ступени компрессора ;"Для компрессора ""версии Т4"", без защитного покрытия";PB0000008790;MBA__HA019G009;шт.;8;328,63
32;Программные детали;Лопатка направляющая 11-й ступени компрессора ;"Для компрессора ""версии Т4"", без защитного покрытия";PB0000008791;MBA__HA020G009;шт.;8;316,46
33;Программные детали;Лопатка направляющая 12-й ступени компрессора ;"Для компрессора ""версии Т4"", без защитного покрытия";PB0000008792;MBA__HA021G009;шт.;8;292,11
34;Программные детали;Лопатка направляющая 13-й ступени компрессора ;"Для компрессора ""версии Т4"", без защитного покрытия";PB0000018875;MBA__HA022G009;шт.;8;231,25
35;Программные детали;Лопатка направляющая 13-й ступени компрессора ;"Для компрессора ""версии Т4"", без защитного покрытия";PB0000018876;MBA__HA023G009;шт.;8;231,25
36;Программные детали;Лопатка направляющая 15-й ступени компрессора ;"Для компрессора ""версии Т4"", без защитного покрытия";PB0000018877;MBA__HA024G009;шт.;8;219,08
37;Программные детали;Лопатка направляющая 16-й ступени компрессора ;"Для компрессора ""версии Т4"", без защитного покрытия";PB0000018878;MBA__HA025G009;шт.;8;219,08
38;Программные детали;Лопатка рабочая 7-й ступени компрессора ;"Для компрессора ""версии Т4"", без защитного покрытия";PB0000002822;MBA__HB017G103;шт.;4;854,65
39;Программные детали;Лопатка рабочая 8-й ступени компрессора ;"Для компрессора ""версии Т4"", без защитного покрытия";PB0000002808;MBA__HB018G103;шт.;4;684,08
40;Программные детали;Лопатка рабочая 9-й ступени компрессора ;"Для компрессора ""версии Т4"", без защитного покрытия";PB0000002812;MBA__HB019G103;шт.;4;650,25
41;Программные детали;Лопатка рабочая 10-й ступени компрессора ;"Для компрессора ""версии Т4"", без защитного покрытия";PB0000002814;MBA__HB020G103;шт.;4;587,19
42;Программные детали;Лопатка рабочая 11-й ступени компрессора ;"Для компрессора ""версии Т4"", без защитного покрытия";PB0000002823;MBA__HB021G103;шт.;4;489,39
43;Программные детали;Лопатка рабочая 12-й ступени компрессора ;"Для компрессора ""версии Т4"", без защитного покрытия";PB0000002824;MBA__HB022G103;шт.;4;469,9
44;Программные детали;Лопатка рабочая 13-й ступени компрессора ;"Для компрессора ""версии Т4"", без защитного покрытия";PB0000018879;MBA__HB023G103;шт.;4;458,52
45;Программные детали;Лопатка рабочая 13-й ступени компрессора ;"Для компрессора ""версии Т4"", без защитного покрытия";PB0000018880;MBA__HB024G103;шт.;4;389,49
46;Программные детали;Лопатка рабочая 15-й ступени компрессора ;"Для компрессора ""версии Т4"", без защитного покрытия";PB0000018881;MBA__HB025G103;шт.;4;377,32
47;Программные детали;Лопатка рабочая 16-й ступени компрессора ;"Для компрессора ""версии Т4"", без защитного покрытия";PB0000018882;MBA__HB026G103;шт.;4;377,32
48;Другие детали;Сегментное уплотнительное кольцо 2-й ступени турбины;;PB0000009052;MBA47HA032G001;шт.;1;16432,07
49;Другие детали;Сегментное уплотнительное кольцо 3-й ступени турбины;;PB0000009053;MBA47HA033G001;шт.;1;16432,07
50;Другие детали;Сегментное уплотнительное кольцо 4-й ступени турбины;;PB0000007762;MBA47HA034G001;шт.;1;17649,25
51;Другие детали;Горелка однотопливная;"в сборе 
в состав долнжы быть включены:
- корпус горелки
- имитатор форсунки жидкого топлива
- электрод";PB0000167334;–;шт.;16;15823,47
52;Другие детали;Газораспределитель в сборе с диагональными завихрителями;Т00289;PB0000272785;;компл.;2;86800
53;Другие детали;Переходное кольцо;Т00295;PB0000002270;;шт.;2;11200
54;Другие детали;Подшипник турбины в сборе;;PB0000008135;MBD__HD006G;шт.;1;26778,19
55;Другие детали;Уплотнительное кольцо направляющего аппарата 1-й ступени турбины;Т00297;PB0000007877;MBA__HA004G025;шт.;2;6500
56;Другие детали;Насос NSS 65-200/02/218 W106 с защитной сеткой, без электродвигателя;Поставляется вместе с муфтой;;;шт.;1;16154,55
57;Другие детали;Муфта Poly-Norm 55 AR;Поставляется вместе с насосом;;;шт.;1;0
58;Другие детали;Электродвигатель 1LE1002;Электродвигатель Siemens 1LE1002-2AA53-4GA4-Z B02+D22+D47+Q02+Y80;;;шт.;1;0
59;Дополнительная поставка;Шаровой кран диффузионного горения с приводами новой модификации;;;;шт.;2;15983,24
60;Дополнительная поставка;Шаровой кран предварительного смешивания с приводами новой модификации;;;;шт.;2;15983,24
61;Дополнительная поставка;Шаровой кран пилотного газа с приводами новой модификации;;;;шт.;2;12618,15
62;Дополнительная поставка;Термостатический клапан;4BRSC11507-00-FFS;;;шт.;1;13650
63;Дополнительная поставка;Запасные части клапана Pruss 2006.2124 4.0/2 MBP13AA051KA01;DS 68002094;;;компл.;1;6535
64;Дополнительная поставка;Запасные части клапана Pruss 2006.2124 4.0/2 MBP13AA051KA01;IG 68002094;;;компл.;1;13550
65;Дополнительная поставка;Запасные части клапана Pruss 2006.2124 4.0/2 MBP13AA051KA01;64500194;;;компл.;1;3440
66;Дополнительная поставка;Запасные части клапана Pruss 2007.1542 4.0/1 MBP15AA151KA01;DS 68000654;;;компл.;1;2390
67;Дополнительная поставка;Запасные части клапана Pruss 2007.1542 4.0/1 MBP15AA151KA01;IG 68000654;;;компл.;1;6335
68;Дополнительная поставка;Запасные части клапана Pruss 2007.1542 4.0/1 MBP15AA151KA01;64501244;;;компл.;1;4890
69;Дополнительная поставка;Уплотнение;30001860 (черт. 1.5055 поз.7);;;шт.;9;20
70;Дополнительная поставка;Уплотнение;01750001 (черт. 1.5055 поз.16);;;шт.;3;811
71;Дополнительная поставка;Кольцо уплотнительное;30100569 (черт. 1.5055 поз.17);;;шт.;12;22
72;Дополнительная поставка;Уплотнение;30048005 (черт. 1.5055 поз.18);;;шт.;3;29
73;Дополнительная поставка;Болт;01200125 (черт. 2.3731 поз.А4);;;шт.;3;166
74;Дополнительная поставка;Кольцо уплотнительное о-образное;41000017 (черт. 2.3731 поз.А8);;;шт.;6;10
75;Дополнительная поставка;Уплотнение;30001207 (черт. 2.3731 поз.А10);;;шт.;3;18
76;Дополнительная поставка;Уплотнение;30008090 (черт. 2.3731 поз.А11);;;шт.;3;32
77;Дополнительная поставка;Уплотнение;30020005 (черт. 2.3731 поз.А21);;;шт.;3;28
78;Дополнительная поставка;Кольцо набивки;30100053 (черт. 2.3731 поз.А27);;;шт.;12;27
79;Дополнительная поставка;Уплотнение;30001546 (черт. 2.3731 поз.А29);;;шт.;3;15
80;Дополнительная поставка;Кольцо уплотнительное о-образное;41020019 (черт. 2.3731 поз.А30);;;шт.;3;10
81;Дополнительная поставка;Кольцо поршневое;41208006 (черт. 2.3731 поз.А33);;;шт.;9;350
82;Дополнительная поставка;Сервопривод быстрозапорного клапана основного газа CXEXMF3/50 20/ ..65S10/S1EAUSEW-D900116;;;;шт.;1;30061
83;Дополнительная поставка;Сервопривод регулирующего клапана пилотного газа CXSA160C/25 20- 65X10/10S01 A00112;;;;шт.;1;45022
84;Дополнительная поставка;E-кольцо;Т00296;;;шт.;1;16800
85;Дополнительная поставка;;;;;шт.;2;
86;Дополнительная поставка;;;;;компл.;1;
87;Малые детали;Вставка резьбовая;;PB0000009516;MBA__HA081G033;шт.;20;5
88;Малые детали;Вставка резьбовая;;PB0000002104;MBA__HA081G029;шт.;192;5
89;Малые детали;Вставка резьбовая;;PB0000001945;MBA__HA081G032;шт.;16;5
90;Малые детали;Вставка резьбовая;;PB0000004146;MBA__HA081G034;шт.;168;1
91;Малые детали;Вставка резьбовая;;PB0000001104;MBA__HA081G035;шт.;48;16
92;Малые детали;Вставка резьбовая;;PB0000045610;MBA__HA081G037;шт.;12;2
93;Малые детали;Шпилька;;PB0000000034;MBA__HA081G004;шт.;1;160
94;Малые детали;Шайба;;PB0000007095;MBA__HA081G008;шт.;1;70
95;Малые детали;Шайба;;PB0000006966;MBA__HA081G012;шт.;1;70
96;Малые детали;Шайба;;PB0000006968;MBA__HA081G013;шт.;1;70
97;Малые детали;Уплотнение круглое;;PB0000046494;MBA__HA081G023;шт.;1;290
98;Малые детали;Болт калиброванный;;PB0000000176;MBA__HA081G005;шт.;2;198
99;Малые детали;Винт с головкой;;PB0000001137;MBA__HA081G009;шт.;2;655
100;Малые детали;Гайка колпачковая;;PB0000000036;MBA__HA081G010;шт.;2;263
101;Малые детали;Шайба;;PB0000006964;MBA__HA081G011;шт.;2;68
102;Малые детали;Штифт конический;;PB0000000984;MBA__HA081G018;шт.;2;53
103;Малые детали;Болт;;PB0000000595;MBA__HA081G024;шт.;2;20
104;Малые детали;Болт;;PB0000006052;MBA__HA081G025;шт.;2;250
105;Малые детали;Пробка резьбовая;;PB0000000010;MBA__HA081G901;шт.;4;26
106;Малые детали;Пробка резьбовая;;PB0000000430;MBA__HA081G902;шт.;3;14
107;Малые детали;Кольцо уплотнительное;;PB0000000156;MBA__HA081G905;шт.;88;1
108;Малые детали;Шайба;;PB0000006962;MBA__HA081G007;шт.;4;53
109;Малые детали;Штифт конический;;PB0000000337;MBA__HA081G019;шт.;4;95
110;Малые детали;Кольцо уплотнительное;;PB0000000011;MBA__HA081G904;шт.;86;3
111;Малые детали;Гайка шестигранная;;PB0000000035;MBA__HA081G006;шт.;5;66
112;Малые детали;Пробка резьбовая;;PB0000000429;MBA__HA081G903;шт.;12;19
113;Малые детали;Кольцо уплотнительное;;PB0000000161;MBA__HA081G906;шт.;25;4
114;Малые детали;Вставка резьбовая M30х37,5;;PB0000001055;-;шт.;16;8
115;Малые детали;Вставка резьбовая M16x20;;PB0000001054;-;шт.;13;2
116;Малые детали;Штифт конический;;PB0000000448;MBA__HA070G018;шт.;2;53
117;Малые детали;Шпилька;;PB0000002671;MBA__HA070G006;шт.;3;105
118;Малые детали;Болт калиброванный;;PB0000005998;MBA__HA070G004;шт.;4;79
119;Малые детали;Штифт конический;;PB0000000038;MBA__HA070G007;шт.;6;46
120;Малые детали;Болт;;PB0000000956;MBA__HA070G008;шт.;4;46
121;Малые детали;Болт;;PB0000000957;MBA__HA070G009;шт.;4;93
122;Малые детали;Шайба;;PB0000006761;MBA__HA070G014;шт.;37;20
123;Малые детали;Болт калиброванный;;PB0000000547;MBA__HA070G010;шт.;10;105
124;Малые детали;Гайка шестигранная;;PB0000000007;MBA__HA070G005;шт.;25;31
125;Малые детали;Конус демпфирующий;;PG0032796200;MBA__HB001G004;шт.;1;2620
126;Малые детали;Штифт стопорный;;PB0000013054;MBA__HB001G029;шт.;1;40
127;Малые детали;Кольцо круглого сечения;;PB0000000550;MBA__HB001G036;шт.;1;7
128;Малые детали;Штифт;;PB0000000047;MBA__HB041G004;шт.;2;18
129;Малые детали;Палец с квадратным концом;;PB0000001886;MBA__HB041G011;шт.;4;8
130;Малые детали;Штифт;;PB0000006136;MBA__HB043G004;шт.;1;15
131;Малые детали;Конус демпфирующий;;PG0032691400;MBA__HB001G126;шт.;1;2620
132;Малые детали;Конус демпфирующий;;PG0032796300;MBA__HB001G005;шт.;2;2618
133;Малые детали;Груз;;PB0000006142;MBA__HB001G031;шт.;10;98
134;Малые детали;Винт;;PB0000000412;MBA__HB001G034;шт.;6;1
135;Малые детали;Пластина стопорная;;PB0000006301;MBA__HB041G010;шт.;8;50
136;Малые детали;Пластина стопорная;;PB0000006302;MBA__HB044G010;шт.;8;49
137;Малые детали;Пластина стопорная;;PB0000006320;MBA__HB044G012;шт.;11;47
138;Малые детали;Шпонка 15х15х15,5;;PB0000000692;MBA__HB043G302;шт.;15;12
139;Малые детали;Груз;;PB0000003508;-;шт.;45;12
140;Малые детали;Штифт;;PB0000003507;-;шт.;55;20
141;Малые детали;Шпонка 10х10х10,5;;PB0000006107;MBA__HB041G302;шт.;44;9
142;Малые детали;Пластина уплотнительная;;PB0000013042;MBA__HB011G103;шт.;29;13
143;Малые детали;Пластина уплотнительная;;PB0000013045;MBA__HB012G103;шт.;33;13
144;Малые детали;Пластина уплотнительная;;PB0000013047;MBA__HB013G103;шт.;37;13
145;Малые детали;Пластина уплотнительная;;PB0000013049;MBA__HB014G103;шт.;41;13
146;Малые детали;Пластина уплотнительная;;PB0000013051;MBA__HB015G103;шт.;43;13
147;Малые детали;Пластина уплотнительная;;PB0000013053;MBA__HB016G103;шт.;43;13
148;Малые детали;Стопор;;PB0000001823;MBA__HB044G005;шт.;44;28
149;Малые детали;Шпонка 15х15х15;;PB0000000691;MBA__HB043G301;шт.;62;12
150;Малые детали;Стопор;;PB0000001814;MBA__HB043G005;шт.;63;25
151;Малые детали;Шпонка 10х10х10;;PB0000005891;MBA__HB041G301;шт.;176;9
152;Малые детали;Пластина стопорная;;PB0000006296;MBA__HB044G006;шт.;88;22
153;Малые детали;Стопор;;PB0000006140;MBA__HB041G005;шт.;89;8
154;Малые детали;Стопор;;PB0000006141;MBA__HB041G006;шт.;89;8
155;Малые детали;Пластина стопорная;;PB0000006153;MBA__HB041G010;шт.;89;16
156;Малые детали;Стопор;;PB0000005892;MBA__HB042G005;шт.;89;8
157;Малые детали;Стопор;;PB0000005893;MBA__HB042G006;шт.;89;8
158;Малые детали;Пластина стопорная;;PB0000005896;MBA__HB042G010;шт.;89;16
159;Малые детали;Элемент стопорный;;PB0000007899;-;шт.;1;720
160;Малые детали;Шайба;;PB0000007855;-;шт.;2;93
161;Малые детали;Шайба;;PB0000007886;-;шт.;4;145
162;Малые детали;Шайба;;PB0000207531;-;шт.;8;197
163;Малые детали;Шайба;;PB0000208206;-;шт.;8;92
164;Малые детали;Шайба;;PB0000209130;-;шт.;8;105
165;Малые детали;Пластина;;PB0000007917;-;шт.;4;263
166;Малые детали;Штифт;;PB0000007860;-;шт.;4;6
167;Малые детали;Тарельчатая пружина;;PB0000207529;-;шт.;16;65
168;Малые детали;Винт;;PB0000016347;-;шт.;8;13
169;Малые детали;Шайба;;PB0000007885;-;шт.;16;144
170;Малые детали;Шпилька;;PB0000007922;-;шт.;16;8
171;Малые детали;Шайба;;PB0000007869;-;шт.;18;92
172;Малые детали;Шайба;;PB0000007884;-;шт.;20;92
173;Малые детали;Болт;;PB0000007876;-;шт.;24;38
174;Малые детали;Уплотнение;;PB0000007861;MBA__HA004G009;шт.;2;13
175;Малые детали;Проставка;;PB0000007871;MBA__HA004G002;шт.;4;328
176;Малые детали;Лапа;;PB0000007901;MBA__HA004G003;шт.;4;210
177;Малые детали;Вставка резьбовая;;PB0000021265;-;шт.;8;7
178;Малые детали;Лента уплотнительная;;PB0000000779;MBD__HD045G006;м;27,5;22
179;Малые детали;Штифт конический;;PB0000000160;MBD__HD045G011;шт.;2;13
180;Малые детали;Винт с цилиндрической головкой;;PB0000000419;MBD__HD045G010;шт.;5;2
181;Малые детали;Заглушка резьбовая;;PB0000000074;MBD__HD044G015;шт.;1;27
182;Малые детали;Кольцо уплотнительное;;PB0000000027;MBD__HD044G016;шт.;9;4
183;Малые детали;Пробка резьбовая;;PB0000000996;MBD__HD050G006;шт.;1;50
184;Малые детали;Винт с цилиндрической головкой;;PB0000000361;MBD__HD044G010;шт.;2;13
185;Малые детали;Шпилька;;PB0000253507;MBD__HD044G008;шт.;4;105
186;Малые детали;Штифт конический;;PB0000273851;MBD__HD044G009;шт.;2;73
187;Малые детали;Штифт конический;;PB0000000447;MBD__HD050G005;шт.;2;10
188;Малые детали;Уплотнение;;PB0000000919;MBD__HD043G029;м;2;15
189;Малые детали;Гайка;;PB0000000037;MBD__HD044G012;шт.;8;39
190;Малые детали;Уплотнение;;PB0000001422;MBD__HD043G031;м;5;7
191;Малые детали;Болт с шестигранной головкой;;PB0000013130;MBD__HD050G003;шт.;6;1
192;Малые детали;Болт с шестигранной головкой;;PB0000000380;MBD__HD050G004;шт.;6;2
193;Малые детали;Болт с шестигранной головкой;;PB0000013125;MBD__HD045G008;шт.;6;1
194;Малые детали;Колено;;PB0000008060;-;шт.;1;80
195;Малые детали;Уплотнение;;PB0000000024;-;шт.;24;3
196;Малые детали;Штуцер;;PB0000008061;-;шт.;1;7
197;Малые детали;Шланг;;PB0000008045;-;шт.;1;93
198;Малые детали;Штуцер;;PB0000008019;-;шт.;1;133
199;Малые детали;Прокладка s=2;;PB0000155706;MBD__HD007G017;шт.;1;15
200;Малые детали;Прокладка s=3;;PB0000008170;MBD__HD007G018;шт.;1;20
201;Малые детали;Уплотнение плоское;;PB0000006182;-;шт.;1;53
202;Малые детали;О-образное кольцо;;PB0000000469;MBD__HD003G906;шт.;1;5
203;Малые детали;О-образное кольцо;;PB0000000472;MBD__HD003G907;шт.;1;5
204;Малые детали;Шпилька;;PB0000000343;MBD__HD004G013;шт.;1;25
205;Малые детали;Шпилька;;PB0000000546;MBD__HD004G015;шт.;1;20
206;Малые детали;Болт;;PB0000008008;MBD__HD007G004;шт.;2;20
207;Малые детали;Штифт конический;;PB0000008006;MBD__HD007G006;шт.;2;48
208;Малые детали;Прокладка;;PB0000008150;MBD__HD007G009;шт.;2;23
209;Малые детали;Прокладка s=2;;PB0000008166;MBD__HD007G013;шт.;2;13
210;Малые детали;Прокладка s=3;;PB0000008167;MBD__HD007G014;шт.;2;13
211;Малые детали;Винт с цилиндрической головкой ;;PB0000000417;MBD__HD003G013;шт.;2;3
212;Малые детали;Гайка шестигранная;;PB0000000698;MBD__HD004G019;шт.;2;33
213;Малые детали;Штифт конический;;PB0000000065;MBD__HD004G021;шт.;2;23
214;Малые детали;Шпилька;;PB0000000344;MBD__HD004G014;шт.;2;93
215;Малые детали;Винт с цилиндрической головкой;;PB0000000705;MBD__HD004G017;шт.;2;3
216;Малые детали;Болт;;PB0000012561;MBD__HD003G008;шт.;4;1
217;Малые детали;Штифт цилиндрический;;PB0000006081;MBD__HD003G010;шт.;4;10
218;Малые детали;Шайба;;PB0000000346;MBD__HD004G022;шт.;4;9
219;Малые детали;Гайка шестигранная;;PB0000000006;MBD__HD004G018;шт.;4;1
220;Малые детали;Пластина;;PB0000007216;MBD__HD003G009;шт.;4;171
221;Малые детали;Ус уплотнительный D=700мм,H=6,0мм,L=20м;;PB0000170098;-;шт.;5;373
222;Малые детали;Проволока квадратного сечения 1х1;;PB0000000778;MBD__HD002G910;м;1584,1;1
223;Малые детали;Ус уплотнительный D=1200мм,H=6,0мм,L=20м;;PB0000170115;-;шт.;11;372
224;Малые детали;Ус уплотнительный D=650мм,H=4,5мм,L=20м;;PB0000170043;-;шт.;5;373
225;Малые детали;Ус уплотнительный D=1200мм,H=4,5мм,L=20м;;PB0000170050;-;шт.;7;373
226;Малые детали;Пробка резьбовая;;PB0000006097;MBD__HD002G013;шт.;1;30
227;Малые детали;Винт с цилиндрической головкой;;PB0000000421;MBD__HD002G003;шт.;2;3
228;Малые детали;Винт с цилиндрической головкой;;PB0000000422;MBD__HD002G004;шт.;2;3
229;Малые детали;Штифт конический;;PB0000000019;MBD__HD002G005;шт.;2;25
230;Малые детали;Пластина;;PB0000007176;MBD__HD002G006;шт.;2;158
231;Малые детали;Пластина;;PB0000006372;MBD__HD002G007;шт.;2;67
232;Малые детали;Винт с цилиндрической головкой;;PB0000000410;MBD__HD002G008;шт.;2;3
233;Малые детали;Лента уплотнительная;;PB0000170068;MBA__HA029G006;шт.;12;373
234;Малые детали;Пластина;;PB0000005885;-;шт.;2;113
235;Малые детали;Винт с цилиндрической головкой;;PB0000000043;MBA__HA079G008;шт.;46;1
236;Малые детали;Кольцо уплотнительное;;PB0000000004;MBA__HA079G009;шт.;1;5
237;Малые детали;Штифт цилиндрический;;PB0000001036;MBA__HA079G015;шт.;1;20
238;Малые детали;Болт с шестигранной головкой;;PB0000001792;MBA__HA030G004;шт.;1;35
239;Малые детали;Гайка шестигранная;;PB0000000699;MBA__HA030G006;шт.;3;12
240;Малые детали;Штифт;;PB0000000033;MBA__HA030G007;шт.;2;35
241;Малые детали;Винт с цилиндрической головкой;;PB0000001364;MBA__HA029G004;шт.;8;21
242;Малые детали;Болт с шестигранной головкой;;PB0000002658;MBA__HA079G026;шт.;6;25
243;Малые детали;Кольцо уплотнительное;;PB0000000988;MBH__BR003G015;шт.;2;5
244;Малые детали;Кольцо уплотнительное;;PB0000001018;MBH__BR003G017;шт.;1;5
245;Малые детали;Головка шарнира;;PB0000002734;MBA__HA075G042;шт.;1;225
246;Малые детали;Гайка низкая шестигранная с фаской;;PB0000001803;MBA__HA075G043;шт.;1;10
247;Малые детали;Головка шарнира;;PB0000002735;MBA__HA075G045;шт.;1;225
248;Малые детали;Гайка низкая шестигранная с фаской;;PB0000001802;MBA__HA075G047;шт.;1;5
249;Малые детали;Ось;;PB0000006440;-;шт.;1;133
250;Малые детали;Штифт цилиндрический;;PB0000000428;MBA__HA075G049;шт.;1;5
251;Малые детали;Кольцо стопорное;;PB0000000718;MBA__HA075G053;шт.;1;5
252;Малые детали;Кольцо стопорное;;PB0000000719;MBA__HA075G056;шт.;1;5
253;Малые детали;Шпонка призматическая;;PB0000006242;MBA__HA075G057;шт.;1;50
254;Малые детали;Штифт;;PB0000009463;MBA__HA075G087;шт.;1;5
255;Малые детали;Тяга в сборе;;PB0000268834;-;шт.;2;773
256;Малые детали;Палец;;PB0000006431;MBA__HA075G023;шт.;2;38
257;Малые детали;Кольцо стопорное;;PB0000000684;MBA__HA075G024;шт.;2;3
258;Малые детали;Гайка;;PB0000012553;-;шт.;2;3
259;Малые детали;Болт;;PB0000000686;MBA__HA075G033;шт.;2;145
260;Малые детали;Болт;;PB0000000687;MBA__HA075G034;шт.;2;120
261;Малые детали;Штифт конический;;PB0000000009;MBA__HA075G036;шт.;2;28
262;Малые детали;Шайба;;PB0000002683;MBA__HA075G039;шт.;2;8
263;Малые детали;Шайба;;PB0000000941;MBA__HA075G054;шт.;2;13
264;Малые детали;Втулка;;PB0000000666;MBA__HA075G055;шт.;38;13
265;Малые детали;Гайка шестигранная;;PB0000000041;MBA__HA075G058;шт.;2;3
266;Малые детали;Шайба;;PB0000006441;MBA__HA075G069;шт.;2;23
267;Малые детали;Шайба;;PB0000002708;MBA__HA075G117;шт.;2;25
268;Малые детали;Ось;;PB0000006134;MBA__HA075G004;шт.;8;16
269;Малые детали;Подшипник;;PB0000000643;MBA__HA075G013;шт.;8;79
270;Малые детали;Пружина тарельчатая;;PB0000000755;MBA__HA075G116;шт.;8;3
271;Малые детали;Шайба;;PB0000000194;MBA__HA075G115;шт.;10;7
272;Малые детали;Болт с шестигранной головкой;;PB0000000388;MBA__HA075G022;шт.;14;1
273;Малые детали;Винт установочный с цапфой;;PB0000000427;MBA__HA075G009;шт.;16;1
274;Малые детали;Шайба;;PB0000024628;MBA__HA075G012;шт.;32;1
275;Малые детали;Втулка;;PB0000000644;MBA__HA075G020;шт.;36;8
276;Малые детали;О-образное кольцо;;PB0000251717;MBA__HA075G019;шт.;72;3
277;Малые детали;Лента уплотнительная 1300мм/6,0мм/20м;;PB0000170117;-;шт.;3;373
278;Малые детали;Лента уплотнительная 1400мм/6,0мм/20м;;PB0000170119;-;шт.;58;373
279;Малые детали;Прокладка;;PB0000006121;-;шт.;1;210
280;Малые детали;Прокладка;;PB0000006122;-;шт.;1;210
281;Малые детали;Прокладка;;PB0000006123;-;шт.;1;210
282;Малые детали;Прокладка;;PB0000006124;-;шт.;1;210
283;Малые детали;Прокладка;;PB0000006128;-;шт.;2;105
284;Малые детали;Штифт;;PB0000006125;-;шт.;2;48
285;Малые детали;Штифт;;PB0000013103;-;шт.;3;3
286;Малые детали;Винт с внутренним шестигранником;;PB0000000425;-;шт.;4;1
287;Малые детали;Штифт;;PB0000000044;-;шт.;20;13
288;Малые детали;Винт;;PB0000000256;-;шт.;21;5
289;Малые детали;Винт;;PB0000000259;-;шт.;11;5
290;Малые детали;Пробка резьбовая;;PB0000001883;-;шт.;1;45
291;Малые детали;Винт с цилиндрической головкой;;PB0000013117;-;шт.;1;5
292;Малые детали;Болт с шестигранной головкой;;PB0000000046;-;шт.;1;70
293;Малые детали;Шпилька;;PB0000002540;-;шт.;1;80
294;Малые детали;Гайка шестигранная;;PB0000002207;-;шт.;1;70
295;Малые детали;Штифт цилиндрический;;PB0000000543;-;шт.;3;13
296;Малые детали;Гайка колпачковая;;PB0000233492;-;шт.;2;80
297;Малые детали;Штифт конический (демонтируется после сборки);;PB0000001064;-;шт.;2;38
298;Малые детали;Штифт конический (демонтируется после сборки);;PB0000000745;-;шт.;2;40
299;Малые детали;Болт с шестигранной головкой;;PB0000013118;-;шт.;3;2
300;Малые детали;Болт с шестигранной головкой;;PB0000002206;-;шт.;3;83
301;Малые детали;Штифт конический с внутренней резьбой;;PB0000000664;-;шт.;4;21
302;Малые детали;Болт с шестигранной головкой;;PB0000000045;-;шт.;5;53
303;Малые детали;Пробка резьбовая;;PB0000005890;-;шт.;12;13
304;Малые детали;Кольцо уплотнительное;;PB0000000026;-;шт.;12;3
305;Малые детали;Втулка;;PB0000000667;-;шт.;36;7
306;Малые детали;Кольцо уплотнительное;;PB0000251718;-;шт.;36;3
307;Малые детали;Втулка;;PB0000000665;-;шт.;36;5
308;Малые детали;Проволока;;PB0000003299;-;м;6,4;7
309;Малые детали;Лента уплотнительная 1400мм/4,0мм/20м;;PB0000169941;-;шт.;20;373
310;Малые детали;Прокладка;;PB0000006033;-;шт.;1;210
311;Малые детали;Прокладка;;PB0000006034;-;шт.;1;210
312;Малые детали;Прокладка;;PB0000006035;-;шт.;1;210
313;Малые детали;Прокладка;;PB0000006036;-;шт.;1;210
314;Малые детали;Болт с шестигранной головкой;;PB0000002047;MBA__HA092G045;шт.;2;25
315;Малые детали;Шайба стопорная;;PB0000002051;MBA__HA092G024;шт.;4;20
316;Малые детали;Камень кулисный;;PB0000007166;MBA__HA092G025;шт.;4;655
317;Малые детали;Камень кулисный;;PB0000007168;MBA__HA092G041;шт.;4;981
318;Малые детали;Болт с шестигранной головкой;;PB0000002055;MBA__HA092G050;шт.;4;9
319;Малые детали;Штифт;;PB0000002052;MBA__HA092G052;шт.;4;13
320;Малые детали;Пробка резьбовая;;PB0000001527;MBA__HA092G061;шт.;6;29
321;Малые детали;Кольцо уплотнительное;;PB0000001528;MBA__HA092G062;шт.;6;7
322;Малые детали;Болт калиброванный;;PB0000233494;MBA__HA087G004;шт.;3;288
323;Малые детали;Болт с шестигранной головкой;;PB0000011799;MBA__HA092G020;шт.;8;1
324;Малые детали;Гайка шестигранная;;PB0000233495;MBA__HA087G006;шт.;7;53
325;Малые детали;Штифт конический (демонтируется после сборки);;PB0000000042;MBA__HA087G009;шт.;8;50
326;Малые детали;Проволока;;PB0000008035;MBA__HA020G003;м;6,2;3
327;Малые детали;Уплотнение;;PB0000013073;-;шт.;1;210
328;Малые детали;Уплотнение;;PB0000013074;-;шт.;1;210
329;Малые детали;Уплотнение;;PB0000013075;-;шт.;1;210
330;Малые детали;Уплотнение;;PB0000013076;-;шт.;1;210
331;Малые детали;Палец;;PB0000013078;-;шт.;2;40
332;Малые детали;Палец;;PB0000013079;-;шт.;2;28
333;Малые детали;Палец;;PB0000013080;-;шт.;2;33
334;Малые детали;Пробка резьбовая;;PB0000009100;-;шт.;12;18
335;Малые детали;Палец;;PB0000013077;-;шт.;12;28
336;Малые детали;Болт калиброванный;;PB0000233497;MBA__HA090G009;шт.;1;265
337;Малые детали;Штифт цилиндрический;;PB0000001023;MBA__HA005G026;шт.;1;10
338;Малые детали;Уплотнение;;PB0000006308;MBA__HA005G012;шт.;10;26
339;Малые детали;Уплотнение;;PB0000006309;MBA__HA005G018;шт.;10;24
340;Малые детали;Штифт цилиндрический;;PB0000006265;MBA__HA005G802;шт.;10;12
341;Малые детали;Уплотнение;;PB0000006310;MBA__HA005G025;шт.;10;24
342;Малые детали;Штифт цилиндрический;;PB0000006336;MBA__HA005G042;шт.;10;8
343;Малые детали;Шпилька;;PB0000006108;MBA__HA005G043;шт.;10;10
344;Малые детали;Штифт цилиндрический;;PB0000006105;MBA__HA005G048;шт.;10;6
345;Малые детали;Штифт;;PB0000006104;MBA__HA005G013;шт.;20;8
346;Малые детали;Уплотнение;;PB0000006167;MBA__HA005G004;шт.;46;31
347;Малые детали;Уплотнение;;PB0000006164;MBA__HA005G005;шт.;46;17
348;Малые детали;Штифт цилиндрический;;PB0000006154;MBA__HA005G006;шт.;46;11
349;Малые детали;Уплотнение;;PB0000006173;MBA__HA005G028;шт.;46;14
350;Малые детали;Уплотнение;;PB0000006168;MBA__HA005G008;шт.;48;25
351;Малые детали;Уплотнение;;PB0000006162;MBA__HA005G009;шт.;48;17
352;Малые детали;Уплотнение;;PB0000006163;MBA__HA005G015;шт.;51;22
353;Малые детали;Уплотнение;;PB0000006169;MBA__HA005G016;шт.;51;17
354;Малые детали;Уплотнение;;PB0000006165;MBA__HA005G020;шт.;55;31
355;Малые детали;Уплотнение;;PB0000006303;MBA__HA005G021;шт.;55;18
356;Малые детали;Штифт цилиндрический;;PB0000006264;MBA__HA005G801;шт.;55;12
357;Малые детали;Шайба стопорная;;PB0000006155;MBA__HA005G023;шт.;55;5
358;Малые детали;Штифт цилиндрический;;PB0000006103;MBA__HA005G010;шт.;99;9
359;Малые детали;Камень кулисный;;PB0000001871;MBA__HA005G034;шт.;2;1048
360;Малые детали;Штифт;;PB0000006305;MBA__HA005G038;шт.;2;22
361;Малые детали;Болт;;PB0000000722;MBA__HA005G041;шт.;2;33
362;Малые детали;Винт с цилиндрической головкой;;PB0000000513;MBA__HA005G046;шт.;2;5
363;Малые детали;Камень кулисный;;PB0000001873;MBA__HA005G052;шт.;2;918
364;Малые детали;Штифт;;PB0000001890;MBA__HA005G057;шт.;2;18
365;Малые детали;Шпилька;;PB0000001898;MBA__HA005G058;шт.;2;28
366;Малые детали;Штифт конический (демонтируется после сборки);;PB0000000008;MBA__HA005G707;шт.;4;34
367;Малые детали;Шпилька;;PB0000006299;MBA__HA005G708;шт.;4;432
368;Малые детали;Шпилька;;PB0000006138;MBA__HA005G705;шт.;6;393
369;Малые детали;Прокладка;;PB0000007104;MBA__HA005G045.1;шт.;8;294
370;Малые детали;Прокладка;;PB0000007107;MBA__HA005G045.2;шт.;8;294
371;Малые детали;Прокладка;;PB0000007106;MBA__HA005G045.3;шт.;8;294
372;Малые детали;Прокладка;;PB0000007110;MBA__HA005G045.4;шт.;8;294
373;Малые детали;Прокладка;;PB0000007111;MBA__HA005G045.5;шт.;8;294
374;Малые детали;Шайба;;PB0000006740;MBA__HA005G704;шт.;10;16
375;Малые детали;Гайка колпачковая;;PB0000002719;MBA__HA005G706;шт.;10;197
376;Малые детали;Болт;;PB0000000382;MBA__HA005G056;шт.;12;2
377;Малые детали;Прокладка;;PB0000159714;MBA__HA005G044.1;шт.;40;196
378;Малые детали;Прокладка;;PB0000159715;MBA__HA005G044.2;шт.;40;196
379;Малые детали;Прокладка;;PB0000159716;MBA__HA005G044.3;шт.;40;196
380;Малые детали;Прокладка;;PB0000159717;MBA__HA005G044.4;шт.;40;196
381;Малые детали;Прокладка;;PB0000159718;MBA__HA005G044.5;шт.;40;196
382;Малые детали;Вставка резьбовая;;PB0000001493;-;шт.;24;1
383;Малые детали;Вставка резьбовая;;PB0000001683;-;шт.;96;10
384;Малые детали;Шпиндель;;PB0000007808;MBM__AA001G003;шт.;1;785
385;Малые детали;Гайка;;PB0000001431;MBM__AA001G004;шт.;1;367
386;Малые детали;Вилка;;PB0000001432;MBM__AA001G005;шт.;1;420
387;Малые детали;Втулка;;PB0000006825;MBM__AA001G006;шт.;1;120
388;Малые детали;Втулка;;PB0000006827;MBM__AA001G007;шт.;1;200
389;Малые детали;Гайка накидная;;PB0000006829;MBM__AA001G008;шт.;1;200
390;Малые детали;Кольцо с резьбой;;PB0000006831;MBM__AA001G009;шт.;1;160
391;Малые детали;Соединение резьбовое;;PB0000137072;MBM__HA003G050;шт.;2;105
392;Малые детали;Имитатор плитки металлический;;PB0000001349;MBM__HA004G040;шт.;2;525
393;Малые детали;Болт шестигранный;;PB0000130906;-;шт.;2;28
394;Малые детали;Гайка;;PB0000000618;-;шт.;12;11
395;Малые детали;Шайба;;PB0000006888;-;шт.;12;7
396;Малые детали;Шток с резьбой;;PB0000006207;MBM__AA001G010;шт.;2;65
397;Малые детали;Болт;;PB0000006102;MBM__AA001G012;шт.;2;73
398;Малые детали;Болт;;PB0000001010;MBM__AA001G014;шт.;2;20
399;Малые детали;Гайка;;PB0000000439;MBM__AA001G017;шт.;2;20
400;Малые детали;Проволока;;PB0000000570;MBM__AA001G018;шт.;2;8
401;Малые детали;Проволока;;PB0000000571;MBM__AA001G021;шт.;2;18
402;Малые детали;Болт;;PB0000006185;MBM__AA001G033;шт.;2;45
403;Малые детали;Шайба;;PB0000006205;MBM__AA001G034;шт.;2;10
404;Малые детали;Шплинт;;PB0000000537;MBM__AA001G036;шт.;2;3
405;Малые детали;Штифт;;PB0000013823;MBM__AA001G040;шт.;2;15
406;Малые детали;Штифт;;PB0000160569;MBM__AA001G041;шт.;2;10
407;Малые детали;Штифт;;PB0000160570;MBM__AA001G042;шт.;2;10
408;Малые детали;Уплотнение;;PB0000222905;MBM__HA008G203;шт.;2;73
409;Малые детали;Ролик;;PB0000006334;-;шт.;3;393
410;Малые детали;Ролик;;PB0000006335;-;шт.;3;393
411;Малые детали;Болт с шестигранной головкой;;PB0000001699;MBM__HA004G043;шт.;3;12
412;Малые детали;Штифт установочный;;PB0000222904;MBM__HA008G201;шт.;3;36
413;Малые детали;Гайка шестигранная;;PB0000012551;MBM__HA008G202;шт.;3;13
414;Малые детали;Шайба;;PB0000000574;MBM__AA001G016;шт.;4;11
415;Малые детали;Кольцо уплотнительное;;PB0000000827;MBM__AA001G020;шт.;4;6
416;Малые детали;Кольцо стопорное;;PB0000000359;MBM__AA001G029;шт.;4;1
417;Малые детали;Головка шарнирная;;PB0000000594;MBM__AA001G031;шт.;4;785
418;Малые детали;Болт с шестигранной головкой;;PB0000002601;MBM__HA008G039;шт.;5;25
419;Малые детали;Ролик;;PB0000006275;-;шт.;6;393
420;Малые детали;Шайба;;PB0000001494;MBM__HA004G021;шт.;6;13
421;Малые детали;Штифт;;PB0000000025;MBM__AA001G013;шт.;6;9
422;Малые детали;Шайба дистанционная;;PB0000006106;MBM__AA001G030;шт.;8;26
423;Малые детали;Штифт цилиндрический;;PB0000002018;-;шт.;9;8
424;Малые детали;Палец;;PB0000001635;-;шт.;9;27
425;Малые детали;Винт с внутренним шестигранником;;PB0000002068;MBM__HA004G051;шт.;12;25
426;Малые детали;Элемент стопорный, стальной литой;;PB0000002069;MBM__HA004G052;шт.;12;11
427;Малые детали;Кольцо уплотнительное;;PB0000000828;MBM__AA001G019;шт.;14;7
428;Малые детали;Шайба;;PB0000000442;MBM__AA001G015;шт.;16;3
429;Малые детали;Штифт цилиндрический;;PB0000001220;-;шт.;18;9
430;Малые детали;Держатель;;PB0000002067;-;шт.;24;31
431;Малые детали;Держатель;;PB0000000824;-;шт.;24;24
432;Малые детали;Штифт конический;;PB0000001634;-;шт.;36;16
433;Малые детали;Гайка шестигранная;;PB0000000168;MBM__HA004G049;шт.;44;8
434;Малые детали;Держатель керамической плитки;;PB0000221105;MBM__HA004G034;шт.;72;28
435;Малые детали;Держатель керамической плитки;;PB0000221109;MBM__HA004G035;шт.;72;28
436;Малые детали;Держатель;;PB0000220324;MBM__HA004G036;шт.;72;92
437;Малые детали;Винт с цилиндрической головкой;;PB0000001640;MBM__HA004G045;шт.;72;14
438;Малые детали;Держатель;;PB0000002065;-;шт.;144;39
439;Малые детали;Держатель;;PB0000219742;-;шт.;144;30
440;Малые детали;Держатель;;PB0000001491;-;шт.;456;34
441;Малые детали;Фиксатор;;PB0000002066;-;шт.;576;8
442;Малые детали;Сегмент профиля;;PB0000001492;-;шт.;1920;1
443;Малые детали;Кольцо уплотнительное;;PB0000165576;-;шт.;16;16
444;Малые детали;Кольцо уплотнительное A10x13,5;;PB0000000953;-;шт.;16;3
445;Малые детали;Уплотнительное кольцо;;PB0000000710;-;шт.;16;17
446;Малые детали;Уплотнительное кольцо;;PB0000007724;-;шт.;16;9
447;Малые детали;Кольцо подкладное;;PB0000000108;-;шт.;16;7
448;Малые детали;Кольцо уплотнительное;;PB0000000107;-;шт.;16;12
449;Малые детали;Вставка резьбовая AM20x40;;PB0000001124;-;шт.;32;3
450;Малые детали;Уплотнение круглое;;PB0000001709;MBP__KV017G006;шт.;2;117
451;Малые детали;Кольцо дистанционное;;PB0000006410;MBP__KV017G014;шт.;2;368
452;Малые детали;Уплотнение круглое;;PB0000001708;MBP__KV017G005;шт.;4;33
453;Малые детали;Болт;;PB0000001783;MBP__KV017G007;шт.;8;23
454;Малые детали;Гайка шестигранная;;PB0000000619;MBP__KV017G009;шт.;23;12
455;Малые детали;Шпилька;;PB0000002469;MBP__KV017G012;шт.;16;17
456;Малые детали;Шайба;;PB0000000488;MBP__KV017G008;шт.;52;5
457;Малые детали;Пластина;;PB0000151877;MBP__KV017G015;шт.;32;59
458;Малые детали;Болт;;PB0000006790;MBP__KV017G017;шт.;32;13
459;Малые детали;Прокладка, S=2,0;;PB0000007505;MBP__KV017G019;шт.;64;5
460;Малые детали;Прокладка, S=1,0;;PB0000007506;MBP__KV017G020;шт.;64;4
461;Малые детали;Прокладка, S=0,5;;PB0000033932;MBP__KV017G021;шт.;64;4
462;Малые детали;Пробка резьбовая;;PB0000000709;-;шт.;1;25
463;Малые детали;Соединение резьбовое;;PB0000001186;-;шт.;2;105
464;Малые детали;Штуцер;;PB0000284492;-;шт.;2;80
465;Малые детали;Гайка накидная;;PB0000284564;-;шт.;2;80
466;Малые детали;Штифт цилиндрический;;PB0000000542;MBP__BR001G020;шт.;2;3
467;Малые детали;Болт;;PB0000046479;MBP__BR001G021;шт.;9;20
468;Малые детали;Гайка шестигранная;;PB0000046481;MBP__BR001G022;шт.;9;11
469;Малые детали;Уплотнительное кольцо круглого сечения 53*3,55;;PB0000001034;MBP__BR001G024;шт.;16;1
470;Малые детали;Кольцо уплотнительное;;PB0000000013;MBP__BR001G017;шт.;92;3
471;Малые детали;О-образное уплотнение;;PB0000001025;MBP__BR001G015;шт.;18;3
472;Малые детали;Кольцо уплотнительное;;PB0000000220;MBP__BR001G011;шт.;16;13
473;Малые детали;Болт;;PB0000139574;MBP__BR001G012;шт.;16;20
474;Малые детали;Гайка шестигранная;;PB0000045504;MBP__BR001G013;шт.;16;16
475;Малые детали;Резьбовое соединение;;PB0000018513;-;шт.;1;237
476;Малые детали;Резьбовое соединение;;PB0000018514;-;шт.;2;105
477;Малые детали;Резьбовое соединение;;PB0000018721;-;шт.;2;263
478;Малые детали;Зажим;;PB0000000528;-;шт.;2;10
479;Малые детали;Зажим;;PB0000008269;-;шт.;6;9
480;Малые детали;Зажим;;PB0000018515;-;шт.;16;7
481;Малые детали;Кольцо уплотнительное А14х18;;PB0000000023;-;шт.;26;1
482;Малые детали;Шайба;;PB0000001665;-;шт.;16;111
483;Малые детали;Держатель;;PB0000023945;-;шт.;8;7
484;Малые детали;Держатель;;PB0000023946;-;шт.;14;7
485;Малые детали;Держатель;;PB0000009122;-;шт.;16;7
486;Малые детали;Пластина;;PB0000009126;-;шт.;16;5
487;Малые детали;Колпачок керамический;;PB0000002170;MBM__GF001G113;шт.;16;21
488;Малые детали;Держатель;;PB0000009124;-;шт.;24;8
489;Малые детали;Пластина;;PB0000000630;-;шт.;24;5
490;Малые детали;Колпачок резиновый;;PB0000009277;MBM__GF001G106;шт.;32;7
491;Малые детали;Уплотнение круглого сечения;;PB0000000702;MBM__HA001G054;м;0,6;7,5
492;Малые детали;Болт;;PB0000018324;MBM__HA001G057;шт.;1;15
493;Малые детали;Болт;;PB0000001661;MBM__HA003G064;шт.;1;15
494;Малые детали;Болт;;PB0000025514;MBM__HA005G010;шт.;2;473
495;Малые детали;Гайка корончатая;;PB0000025497;MBM__HA005G012;шт.;2;18
496;Малые детали;Кольцо уплотнительное;;PB0000000155;MBM__HA001G069;шт.;2;22
497;Малые детали;Болт;;PB0000001784;MBM__HA001G070;шт.;2;15
498;Малые детали;Кольцо уплотнительное;;PB0000001489;MBM__HA001G088;шт.;2;8
499;Малые детали;Болт;;PB0000001789;MBM__HA001G089;шт.;2;18
500;Малые детали;Гайка шестигранная;;PB0000000438;MBM__HA001G090;шт.;25;9
501;Малые детали;Втулка;;PB0000233849;-;шт.;8;1839
502;Малые детали;Уплотнение;;PB0000027362;MBM__HA001G130;шт.;2;185
503;Малые детали;Кольцо уплотнительное;;PB0000001533;MBM__HA003G066;шт.;2;5
504;Малые детали;Штифт цилиндрический;;PB0000005984;MBM__HA001G059;шт.;3;66
505;Малые детали;Болт;;PB0000001786;MBM__HA001G121;шт.;3;25
506;Малые детали;Шайба;;PB0000000211;MBM__HA005G011;шт.;4;3
507;Малые детали;Шплинт;;PB0000000540;MBM__HA005G013;шт.;4;1
508;Малые детали;Кольцо уплотнительное;;PB0000001153;MBM__HA006G016;шт.;4;29
509;Малые детали;Кольцо уплотнительное;;PB0000002642;MBM__HA001G095;шт.;4;46
510;Малые детали;Шпилька;;PB0000002028;MBM__HA006G017;шт.;5;14
511;Малые детали;Шпилька;;PB0000001946;MBM__HA001G112;шт.;7;23
512;Малые детали;Гайка колпачковая;;PB0000000658;MBM__HA006G018;шт.;12;20
513;Малые детали;Планка;;PB0000000713;MBM__HA005G014;шт.;16;66
514;Малые детали;Палец;;PB0000006255;MBM__HA005G015;шт.;16;92
515;Малые детали;Кольцо уплотнительное;;PB0000001158;MBM__HA001G115;шт.;16;33
516;Малые детали;Планка;;PB0000000331;-;шт.;16;33
517;Малые детали;Планка;;PB0000000332;-;шт.;16;33
518;Малые детали;Болт;;PB0000001701;MBM__HA003G008;шт.;18;92
519;Малые детали;Шайба;;PB0000006750;MBM__HA003G013;шт.;18;11
520;Малые детали;Пружина тарельчатая;;PB0000001152;MBM__HA006G014;шт.;20;66
521;Малые детали;Шпилька;;PB0000001947;MBM__HA003G011;шт.;20;9
522;Малые детали;Держатель;;PB0000032306;MBM__HA005G023;шт.;36;21
523;Малые детали;Шайба;;PB0000002239;MBM__HA005G006;шт.;48;4
524;Малые детали;Гайка корончатая;;PB0000000357;MBM__HA005G007;шт.;48;3
525;Малые детали;Шплинт;;PB0000000358;MBM__HA005G008;шт.;60;1
526;Малые детали;Болт;;PB0000016406;MBM__HA005G024;шт.;144;11
527;Малые детали;Пробка резьбовая;;PB0000044006;MBM__HA009G003;шт.;1;25
528;Малые детали;Уплотнение;;PB0000002184;MBM__HA001G075;шт.;2;328
529;Малые детали;Диск;;PB0000009082;MBM__HA009G005;шт.;6;73
530;Малые детали;Диск;;PB0000009081;MBM__HA009G006;шт.;6;79
531;Малые детали;Кольцо уплотнительное;;PB0000020501;MBM__HA009G015;шт.;2;5
532;Малые детали;Палец резьбовой;;PB0000023992;MBM__HA010G010;шт.;3;5
533;Малые детали;Кольцо уплотнительное;;PB0000009083;MBM__HA009G004;шт.;8;24
534;Малые детали;Стекло;;PB0000009079;MBM__HA009G008;шт.;12;85
535;Малые детали;Болт;;PB0000009077;MBM__HA009G012;шт.;4;23
536;Малые детали;Штифт;;PB0000002019;MBM__HA009G016;шт.;4;11
537;Малые детали;Болт;;PB0000009089;MBM__HA010G017;шт.;5;2
538;Малые детали;Кольцо уплотнительное;;PB0000009080;MBM__HA009G007;шт.;24;3
539;Малые детали;Шайба;;PB0000016752;MBM__HA010G018;шт.;12;3
540;Малые детали;Винт с цилиндрической головкой;;PB0000000405;MBM__HA009G010;шт.;48;1
541;Малые детали;Кольцо уплотнительное;;PB0000009456;MBM__HA009G014;шт.;48;3
542;Малые детали;Шайба;;PB0000000167;MBM__HA009G018;шт.;16;1
543;Малые детали;Гайка шестигранная;;PB0000000119;MBM__HA010G011;шт.;16;1
544;Малые детали;Болт;;PB0000002185;MBM__HA001G076;шт.;48;52
545;Малые детали;Шайба;;PB0000007280;MBM__HA001G077;шт.;48;7
546;Малые детали;Пружина тарельчатая;;PB0000009618;MBM__HA010G014;шт.;120;1
547;Малые детали;Прокладка;;PB0000000992;-;шт.;1;47
548;Малые детали;Прокладка;;PB0000006175;-;шт.;1;67
549;Малые детали;Прокладка;;PB0000000989;-;шт.;1;47
550;Малые детали;О-образное уплотнение;;PB0000001029;-;шт.;51;3
551;Малые детали;О-образное уплотнение;;PB0000001041;-;шт.;18;3
552;Малые детали;О-образное уплотнение;;PB0000001043;-;шт.;6;3
553;Малые детали;Уплотнение;;PB0000000449;-;шт.;2;3
554;Малые детали;Уплотнение;;PB0000044453;-;шт.;2;3
555;Малые детали;Прокладка;;PB0000000991;-;шт.;2;63
556;Малые детали;Прокладка;;PB0000033431;-;шт.;2;11
557;Малые детали;О-образное уплотнение;;PB0000001069;-;шт.;20;4
558;Малые детали;О-образное уплотнение;;PB0000001032;-;шт.;10;3
559;Малые детали;О-образное уплотнение;;PB0000150433;-;шт.;2;7
560;Малые детали;О-образное уплотнение;;PB0000001042;-;шт.;2;2
561;Малые детали;Уплотнение;;PB0000000016;-;шт.;75;1
562;Малые детали;Штифт;;PB0000000575;-;шт.;2;3
563;Малые детали;Уплотнение;;PB0000008221;MBV__CL001G007;шт.;1;10
564;Малые детали;О-образное уплотнение;;PB0000006933;-;шт.;4;4
565;Малые детали;Уплотнение;;PB0000000020;-;шт.;12;3
566;Малые детали;Уплотнение;;PB0000000982;-;шт.;5;4
567;Малые детали;Уплотнение;;PB0000001028;-;шт.;1;3
568;Малые детали;Уплотнение;;PB0000006935;-;шт.;19;1
569;Малые детали;Уплотнение;;PB0000002767;-;шт.;2;2
570;Малые детали;Прокладка спирально-навитая;;PB0000008690;-;шт.;4;59
571;Малые детали;Прокладка;;PB0000000754;-;шт.;5;15
572;Малые детали;Кольцо уплотнительное;;PB0000009273;MBA__CT001G011;шт.;14;4
573;Малые детали;Болт;;PB0000015756;-;шт.;2;25
574;Малые детали;Болт;;PB0000006059;-;шт.;3;27
575;Малые детали;Кольцо уплотнительное IBC400PN10х2;;PB0000009350;MBA__BR020G011;шт.;9;37
576;Малые детали;Гайка шестигранная M24;;PB0000000012;MBA__BR020G010;шт.;15;1
577;Малые детали;Уплотнение;;PB0000016848;-;шт.;4;8
578;Малые детали;Уплотнение;;PB0000007729;-;шт.;2;2
579;Малые детали;Уплотнение;;PB0000007730;-;шт.;2;2
580;Малые детали;Уплотнение;;PB0000008364;-;шт.;2;2
581;Малые детали;Уплотнение;;PB0000038794;-;шт.;3;12
582;Малые детали;Уплотнение;;PB0000009175;MBA__HA001G023;шт.;2;13
583;Малые детали;Болт;;PB0000009310;MBA__HA001G031;шт.;18;66
584;Малые детали;Штифт цилиндрический;;PB0000014285;MBA__MK001G005;шт.;4;10
585;Малые детали;Винт с потайной головкой;;PB0000011089;MBA__MK001G007;шт.;3;2
586;Малые детали;Болт;;PB0000016603;MBA__MK001G003;шт.;24;262
587;Малые детали;Гайка колпачковая;;PB0000016604;MBA__MK001G004;шт.;48;52
588;Малые детали;Болт;;PB0000033649;-;шт.;24;288
589;Малые детали;Гайка шестигранная DIN936 M20х1,5-17H;;;;шт.;1;
590;Малые детали;Кольцо стопорное DIN471 - 40х1,75;;;;шт.;2;
591;Малые детали;Подшипник 6308 JC3;;;;шт.;2;
592;Малые детали;Уплотнительное кольцо;266,29x3,53 VA179 2-275, производитель - Parker;3030173;;шт.;1;
593;Малые детали;Шпилька резьбовая;шпилька DIN 939 М16х40 А4-70;2010638;00939.940.0160.040;шт.;4;
594;Малые детали;Шестигранная гайка;гайка шестигранная нормальная ISO 4032-М16-А4-70;2110019;04032.940.0160.000;шт.;4;
595;Малые детали;Запорная пробка с уплотнением;VSU 16-42, производитель - AVIT;2013154;;шт.;2;
596;Малые детали;Уплотнительное кольцо;355,19x3,53 VA179 2-280, производитель - Parker;3030073;;шт.;2;
597;Малые детали;Шпилька резьбовая;шпилька DIN 939 М16х35 5.6;2009088;00939.504.0160.035;шт.;4;
598;Малые детали;Шестигранная гайка;гайка шестигранная нормальная ISO 4032-М16-8-A2B;2100007;04032.810.0160.000;шт.;4;
599;Малые детали;Прокладка;уплотнительное кольцо A14x18 DIN 7603 - Cu ;3270002;07603.701.0140.018;шт.;4;
600;Малые детали;Резьбовая заглушка;пробка резьбовая DIN 5586 A G1/4 A 5.8;2000187;;шт.;2;
601;Малые детали;Прокладка;уплотнительное кольцо A17x21 DIN 7603 - Cu ;3270003;07603.701.0170.021;шт.;2;
602;Малые детали;Резьбовая заглушка;пробка резьбовая DIN 910 G3/8A 5.8;2000188;00910.504.0380.000;шт.;2;
603;Малые детали;Уплотнительное кольцо;уплотнительное кольцо A33x39 DIN 7603 - Cu ;3270006;07603.701.0330.039;шт.;2;
604;Малые детали;Резьбовая заглушка;пробка резьбовая DIN 910 - G 1 A - 5.8;2000191;00910.504.1000.000;шт.;2;
605;Малые детали;фильтрующий элемент Rexroth 0007 L003 P;;;;шт.;1;
606;Малые детали;фильтроэлемент Hydac 0160 D 025 W/HC;;;;шт.;1;
607;Малые детали;ремонтный комплект Hydac, артикул: 306028;;;;шт.;1;
608;Малые детали;фильтроэлемент Hydac 0110 D 010 BH4HC;;;;шт.;2;
609;Малые детали;ремонтный комплект Hydac, артикул: 01260990;;;;шт.;2;
610;Малые детали;фильтроэлемент Hydac 0330 R 003 ON;;;;шт.;1;
611;Малые детали;ремонтный комплект Hydac, артикул: 00319613;;;;шт.;1;
612;Малые детали;уловитель грязи Hydac, артикул: 01202364;;;;шт.;1;
613;Малые детали;фильтроэлемент Hydac 0060 D 010 BH4HC/-V;;;;шт.;3;
614;Малые детали;ремонтный комплект Hydac, артикул: 00302094;;;;шт.;3;
615;Малые детали;фильтроэлемент Hydac 0060 D 005 BH4HC/-V;;;;шт.;1;
616;Малые детали;Сетка;комплект запасных частей для грязеуловителя Krombach SF319 DN25 поз.3 ;;;шт.;1;
617;Малые детали;Уплотнение;комплект запасных частей для грязеуловителя Krombach SF319 DN25 поз.4;;;шт.;1;
618;Малые детали;Шпилька;комплект запасных частей для грязеуловителя Krombach SF319 DN25 поз.5;;;шт.;2;
619;Малые детали;Гайка;комплект запасных частей для грязеуловителя Krombach SF319 DN25 поз.6;;;шт.;2;
